{
  "id": "3192987",
  "name": "code-yuadh",
  "font_family": "iconfont",
  "css_prefix_text": "icon-",
  "description": "",
  "glyphs": [
    {
      "icon_id": "4546550",
      "name": "csdn",
      "font_class": "csdn",
      "unicode": "e638",
      "unicode_decimal": 58936
    },
    {
      "icon_id": "5483232",
      "name": "书籍",
      "font_class": "shuji",
      "unicode": "e6be",
      "unicode_decimal": 59070
    },
    {
      "icon_id": "6988584",
      "name": "资源主页",
      "font_class": "ziyuanzhuye",
      "unicode": "e67e",
      "unicode_decimal": 59006
    },
    {
      "icon_id": "8020870",
      "name": "新前端录入",
      "font_class": "xinqianduanluru",
      "unicode": "e668",
      "unicode_decimal": 58984
    },
    {
      "icon_id": "8760187",
      "name": "github",
      "font_class": "github",
      "unicode": "e64c",
      "unicode_decimal": 58956
    },
    {
      "icon_id": "15882053",
      "name": "bilibili",
      "font_class": "bilibili",
      "unicode": "e609",
      "unicode_decimal": 58889
    },
    {
      "icon_id": "16745228",
      "name": "知识星球-active",
      "font_class": "zhishixingqiu-active",
      "unicode": "e61c",
      "unicode_decimal": 58908
    },
    {
      "icon_id": "19708482",
      "name": "海词词典",
      "font_class": "dict",
      "unicode": "e604",
      "unicode_decimal": 58884
    },
    {
      "icon_id": "26038883",
      "name": "gitee",
      "font_class": "gitee",
      "unicode": "e628",
      "unicode_decimal": 58920
    },
    {
      "icon_id": "26267624",
      "name": "leetcode",
      "font_class": "leetcode",
      "unicode": "e60d",
      "unicode_decimal": 58893
    },
    {
      "icon_id": "27469880",
      "name": "file_type_drawio",
      "font_class": "file_type_drawio",
      "unicode": "e611",
      "unicode_decimal": 58897
    },
    {
      "icon_id": "27496609",
      "name": "掘金",
      "font_class": "a-6c61ae65d1c41ae8221a670fa32d05aa",
      "unicode": "e74a",
      "unicode_decimal": 59210
    },
    {
      "icon_id": "1190657",
      "name": "advance",
      "font_class": "advance",
      "unicode": "e603",
      "unicode_decimal": 58883
    },
    {
      "icon_id": "3176611",
      "name": "Docker",
      "font_class": "Docker",
      "unicode": "e9f3",
      "unicode_decimal": 59891
    },
    {
      "icon_id": "5824469",
      "name": "prettier",
      "font_class": "prettier",
      "unicode": "e677",
      "unicode_decimal": 58999
    },
    {
      "icon_id": "7556316",
      "name": "MongoDB",
      "font_class": "MongoDB",
      "unicode": "e63a",
      "unicode_decimal": 58938
    },
    {
      "icon_id": "10949371",
      "name": "Redis",
      "font_class": "Redis",
      "unicode": "e674",
      "unicode_decimal": 58996
    },
    {
      "icon_id": "12752128",
      "name": "Express Expenses",
      "font_class": "ExpressExpenses",
      "unicode": "e676",
      "unicode_decimal": 58998
    },
    {
      "icon_id": "13304114",
      "name": "typescript",
      "font_class": "typescript",
      "unicode": "e6a3",
      "unicode_decimal": 59043
    },
    {
      "icon_id": "13339883",
      "name": "stylelint_light",
      "font_class": "stylelint_light",
      "unicode": "e681",
      "unicode_decimal": 59009
    },
    {
      "icon_id": "14773165",
      "name": "light-component-system-prompt-message-box",
      "font_class": "light-component-system-prompt-message-box",
      "unicode": "e79b",
      "unicode_decimal": 59291
    },
    {
      "icon_id": "18005108",
      "name": "elasticsearch-Elasticsearch",
      "font_class": "elasticsearch-Elasticsearch",
      "unicode": "e8a2",
      "unicode_decimal": 59554
    },
    {
      "icon_id": "18750885",
      "name": "ant-design",
      "font_class": "ant-design",
      "unicode": "e600",
      "unicode_decimal": 58880
    },
    {
      "icon_id": "24619714",
      "name": "Ant Design",
      "font_class": "KDpgvguMpGfqaHPjicRK",
      "unicode": "e601",
      "unicode_decimal": 58881
    },
    {
      "icon_id": "24623786",
      "name": "Nginx",
      "font_class": "Nginx",
      "unicode": "e602",
      "unicode_decimal": 58882
    },
    {
      "icon_id": "26801551",
      "name": "米饭",
      "font_class": "mifan",
      "unicode": "e7c9",
      "unicode_decimal": 59337
    },
    {
      "icon_id": "26994091",
      "name": "springboot",
      "font_class": "springboot",
      "unicode": "e753",
      "unicode_decimal": 59219
    },
    {
      "icon_id": "27412643",
      "name": "eslint",
      "font_class": "eslint",
      "unicode": "e608",
      "unicode_decimal": 58888
    },
    {
      "icon_id": "3876265",
      "name": "freecodecamp",
      "font_class": "freecodecamp",
      "unicode": "e62e",
      "unicode_decimal": 58926
    },
    {
      "icon_id": "3876384",
      "name": "react",
      "font_class": "react",
      "unicode": "e64b",
      "unicode_decimal": 58955
    },
    {
      "icon_id": "6496026",
      "name": "Vue",
      "font_class": "Vue",
      "unicode": "e799",
      "unicode_decimal": 59289
    },
    {
      "icon_id": "6817841",
      "name": "webpack",
      "font_class": "webpack",
      "unicode": "e74e",
      "unicode_decimal": 59214
    },
    {
      "icon_id": "6902533",
      "name": "Node.js",
      "font_class": "Nodejs",
      "unicode": "e7a4",
      "unicode_decimal": 59300
    },
    {
      "icon_id": "12600768",
      "name": "less",
      "font_class": "less",
      "unicode": "e63c",
      "unicode_decimal": 58940
    },
    {
      "icon_id": "18584898",
      "name": "b站",
      "font_class": "bzhan",
      "unicode": "e614",
      "unicode_decimal": 58900
    },
    {
      "icon_id": "24564141",
      "name": "mdn",
      "font_class": "mdn",
      "unicode": "e66d",
      "unicode_decimal": 58989
    }
  ]
}
