{
  "id": "3192987",
  "name": "code-yuadh",
  "font_family": "iconfont",
  "css_prefix_text": "icon-",
  "description": "",
  "glyphs": [
    {
      "icon_id": "3876265",
      "name": "freecodecamp",
      "font_class": "freecodecamp",
      "unicode": "e62e",
      "unicode_decimal": 58926
    },
    {
      "icon_id": "3876384",
      "name": "react",
      "font_class": "react",
      "unicode": "e64b",
      "unicode_decimal": 58955
    },
    {
      "icon_id": "6496026",
      "name": "Vue",
      "font_class": "Vue",
      "unicode": "e799",
      "unicode_decimal": 59289
    },
    {
      "icon_id": "6817841",
      "name": "webpack",
      "font_class": "webpack",
      "unicode": "e74e",
      "unicode_decimal": 59214
    },
    {
      "icon_id": "6902533",
      "name": "Node.js",
      "font_class": "Nodejs",
      "unicode": "e7a4",
      "unicode_decimal": 59300
    },
    {
      "icon_id": "12600768",
      "name": "less",
      "font_class": "less",
      "unicode": "e63c",
      "unicode_decimal": 58940
    },
    {
      "icon_id": "18584898",
      "name": "b站",
      "font_class": "bzhan",
      "unicode": "e614",
      "unicode_decimal": 58900
    },
    {
      "icon_id": "24564141",
      "name": "mdn",
      "font_class": "mdn",
      "unicode": "e66d",
      "unicode_decimal": 58989
    }
  ]
}
